Knife_ID,Linie_Angle,Actual_Class,CART_Prediction,C45_Prediction,CART_Correct,C45_Correct
Koch-A0-T0-08_cropped_Messpunkt,0,1,1,1,True,True
Koch-A0-T0-08_cropped_Messpunkt,1,1,1,1,True,True
Koch-A0-T0-08_cropped_Messpunkt,2,1,1,1,True,True
Koch-A0-T0-08_cropped_Messpunkt,3,1,1,1,True,True
Koch-A0-T0-08_cropped_Messpunkt,6,1,1,1,True,True
Koch-A0-T0-08_cropped_Messpunkt,8,1,1,1,True,True
Koch-A0-T0-08_cropped_Messpunkt,9,1,1,1,True,True
Koch-A0-T0-11_cropped_Messpunkt,0,1,1,1,True,True
Koch-A0-T0-11_cropped_Messpunkt,3,1,1,1,True,True
Koch-A0-T0-11_cropped_Messpunkt,4,1,1,1,True,True
Koch-A0-T0-11_cropped_Messpunkt,7,1,1,1,True,True
Koch-A0-T0-11_cropped_Messpunkt,8,1,1,1,True,True
Koch-A0-T0-12_cropped_Messpunkt,2,1,1,1,True,True
Koch-A0-T0-12_cropped_Messpunkt,9,1,1,1,True,True
Koch-A0-T0-16_cropped_Messpunkt,2,1,1,1,True,True
Koch-A0-T0-16_cropped_Messpunkt,5,1,1,1,True,True
Koch-A0-T0-16_cropped_Messpunkt,9,1,1,1,True,True
Koch-A0-T0-17_cropped_Messpunkt,3,1,1,1,True,True
Koch-A0-T0-17_cropped_Messpunkt,5,1,1,1,True,True
Koch-A0-T0-17_cropped_Messpunkt,7,1,1,1,True,True
Koch-A0-T0-19_cropped_Messpunkt,0,1,1,1,True,True
Koch-A0-T0-19_cropped_Messpunkt,1,1,1,1,True,True
Koch-A0-T0-19_cropped_Messpunkt,2,1,1,1,True,True
Koch-A0-T0-19_cropped_Messpunkt,6,1,1,1,True,True
Koch-A0-T0-19_cropped_Messpunkt,9,1,1,1,True,True
Koch-A1-T1-02_cropped_Messpunkt,3,1,1,1,True,True
Koch-A1-T1-02_cropped_Messpunkt,6,1,1,1,True,True
Koch-A1-T1-02_cropped_Messpunkt,7,1,1,1,True,True
Koch-A1-T1-02_cropped_Messpunkt,8,1,1,1,True,True
Koch-A1-T1-02_cropped_Messpunkt,9,1,1,1,True,True
Koch-A1-T1-03_cropped_Messpunkt,5,1,1,1,True,True
Koch-A1-T1-03_cropped_Messpunkt,6,1,1,1,True,True
Koch-A1-T1-03_cropped_Messpunkt,7,1,1,1,True,True
Koch-A1-T1-03_cropped_Messpunkt,8,1,1,1,True,True
Koch-A1-T1-03_cropped_Messpunkt,9,1,1,1,True,True
Koch-A1-T1-06_cropped_Messpunkt,0,1,1,1,True,True
Koch-A1-T1-06_cropped_Messpunkt,2,1,1,1,True,True
Koch-A1-T1-06_cropped_Messpunkt,3,1,1,1,True,True
Koch-A1-T1-06_cropped_Messpunkt,4,1,1,1,True,True
Koch-A1-T1-06_cropped_Messpunkt,5,1,1,1,True,True
Koch-A1-T1-06_cropped_Messpunkt,7,1,1,1,True,True
Koch-A1-T1-06_cropped_Messpunkt,9,1,1,1,True,True
Koch-A10-T10-14_cropped_Messpunkt,4,1,1,1,True,True
Koch-A10-T10-14_cropped_Messpunkt,8,1,1,1,True,True
Koch-A10-T10-18_cropped_Messpunkt,2,1,1,1,True,True
Koch-A10-T10-18_cropped_Messpunkt,3,1,1,1,True,True
Koch-A10-T10-18_cropped_Messpunkt,4,1,1,1,True,True
Koch-A10-T10-18_cropped_Messpunkt,6,1,1,1,True,True
Koch-A10-T10-18_cropped_Messpunkt,7,1,1,1,True,True
Koch-A10-T10-18_cropped_Messpunkt,8,1,1,1,True,True
Koch-A10-T10-18_cropped_Messpunkt,9,1,1,1,True,True
Koch-A10-T10-20_cropped_Messpunkt,1,1,1,1,True,True
Koch-A10-T10-20_cropped_Messpunkt,2,1,1,1,True,True
Koch-A10-T10-20_cropped_Messpunkt,3,1,1,1,True,True
Koch-A10-T10-20_cropped_Messpunkt,4,1,1,1,True,True
Koch-A10-T10-20_cropped_Messpunkt,5,1,1,1,True,True
Koch-A10-T10-20_cropped_Messpunkt,6,1,1,1,True,True
Koch-A10-T10-20_cropped_Messpunkt,7,1,1,1,True,True
Koch-A10-T10-20_cropped_Messpunkt,8,1,1,1,True,True
Koch-A10-T10-20_cropped_Messpunkt,9,1,1,1,True,True
Koch-A12-T12-01_cropped_Messpunkt,3,2,2,2,True,True
Koch-A12-T12-01_cropped_Messpunkt,4,2,2,2,True,True
Koch-A12-T12-01_cropped_Messpunkt,7,2,2,2,True,True
Koch-A12-T12-06_cropped_Messpunkt,3,2,2,2,True,True
Koch-A12-T12-06_cropped_Messpunkt,4,2,2,2,True,True
Koch-A12-T12-06_cropped_Messpunkt,8,2,2,2,True,True
Koch-A12-T12-08_cropped_Messpunkt,0,2,2,2,True,True
Koch-A12-T12-08_cropped_Messpunkt,6,2,2,2,True,True
Koch-A12-T12-08_cropped_Messpunkt,7,2,2,2,True,True
Koch-A12-T12-08_cropped_Messpunkt,8,2,2,2,True,True
Koch-A12-T12-08_cropped_Messpunkt,9,2,2,2,True,True
Koch-A12-T12-11_cropped_Messpunkt,3,1,1,1,True,True
Koch-A12-T12-11_cropped_Messpunkt,4,1,1,1,True,True
Koch-A12-T12-11_cropped_Messpunkt,5,1,1,1,True,True
Koch-A12-T12-11_cropped_Messpunkt,6,1,1,1,True,True
Koch-A12-T12-11_cropped_Messpunkt,7,1,1,1,True,True
Koch-A12-T12-11_cropped_Messpunkt,8,1,1,1,True,True
Koch-A12-T12-15_cropped_Messpunkt,0,2,2,2,True,True
Koch-A12-T12-15_cropped_Messpunkt,1,2,2,2,True,True
Koch-A12-T12-15_cropped_Messpunkt,2,2,2,2,True,True
Koch-A12-T12-15_cropped_Messpunkt,3,2,2,2,True,True
Koch-A12-T12-15_cropped_Messpunkt,9,2,2,2,True,True
Koch-A13-T13-03_cropped_Messpunkt,0,2,2,2,True,True
Koch-A13-T13-03_cropped_Messpunkt,1,2,2,2,True,True
Koch-A13-T13-03_cropped_Messpunkt,3,2,2,2,True,True
Koch-A13-T13-03_cropped_Messpunkt,6,2,2,2,True,True
Koch-A13-T13-16_cropped_Messpunkt,0,1,1,1,True,True
Koch-A13-T13-16_cropped_Messpunkt,1,1,1,1,True,True
Koch-A13-T13-16_cropped_Messpunkt,8,1,1,1,True,True
Koch-A13-T13-16_cropped_Messpunkt,9,1,1,1,True,True
Koch-A14-T14-03_cropped_Messpunkt,5,2,2,2,True,True
Koch-A14-T14-03_cropped_Messpunkt,6,2,2,2,True,True
Koch-A14-T14-03_cropped_Messpunkt,7,2,2,2,True,True
Koch-A14-T14-04_cropped_Messpunkt,3,1,1,1,True,True
Koch-A14-T14-04_cropped_Messpunkt,4,1,1,1,True,True
Koch-A14-T14-04_cropped_Messpunkt,5,1,1,1,True,True
Koch-A14-T14-04_cropped_Messpunkt,6,1,1,1,True,True
Koch-A14-T14-11_cropped_Messpunkt,2,2,2,2,True,True
Koch-A14-T14-11_cropped_Messpunkt,6,2,2,2,True,True
Koch-A14-T14-11_cropped_Messpunkt,7,2,2,2,True,True
Koch-A14-T14-11_cropped_Messpunkt,8,2,2,2,True,True
Koch-A14-T14-11_cropped_Messpunkt,9,2,2,2,True,True
Koch-A14-T14-15_cropped_Messpunkt,0,2,2,2,True,True
Koch-A14-T14-15_cropped_Messpunkt,2,2,2,2,True,True
Koch-A14-T14-15_cropped_Messpunkt,3,2,2,2,True,True
Koch-A14-T14-15_cropped_Messpunkt,4,2,2,2,True,True
Koch-A14-T14-15_cropped_Messpunkt,5,2,2,2,True,True
Koch-A14-T14-15_cropped_Messpunkt,6,2,2,2,True,True
Koch-A14-T14-15_cropped_Messpunkt,9,2,2,2,True,True
Koch-A14-T14-18_cropped_Messpunkt,5,0,0,0,True,True
Koch-A14-T14-18_cropped_Messpunkt,6,0,0,0,True,True
Koch-A14-T14-18_cropped_Messpunkt,7,0,0,0,True,True
Koch-A16B-T16B-01_cropped_Messpunkt,7,1,1,1,True,True
Koch-A16B-T16B-01_cropped_Messpunkt,8,1,1,1,True,True
Koch-A16B-T16B-02_cropped_Messpunkt,0,1,1,1,True,True
Koch-A16B-T16B-02_cropped_Messpunkt,1,1,1,1,True,True
Koch-A16B-T16B-02_cropped_Messpunkt,3,1,1,1,True,True
Koch-A16B-T16B-02_cropped_Messpunkt,4,1,1,1,True,True
Koch-A16B-T16B-02_cropped_Messpunkt,5,1,1,1,True,True
Koch-A16B-T16B-02_cropped_Messpunkt,6,1,1,1,True,True
Koch-A16B-T16B-02_cropped_Messpunkt,7,1,1,1,True,True
Koch-A16B-T16B-02_cropped_Messpunkt,8,1,1,1,True,True
Koch-A16B-T16B-02_cropped_Messpunkt,9,1,1,1,True,True
Koch-A17-T17-03_cropped_Messpunkt,1,0,0,0,True,True
Koch-A17-T17-03_cropped_Messpunkt,3,0,0,0,True,True
Koch-A17-T17-03_cropped_Messpunkt,4,0,0,0,True,True
Koch-A17-T17-03_cropped_Messpunkt,5,0,0,0,True,True
Koch-A17-T17-03_cropped_Messpunkt,6,0,0,0,True,True
Koch-A17-T17-03_cropped_Messpunkt,7,0,0,0,True,True
Koch-A17-T17-03_cropped_Messpunkt,8,0,0,0,True,True
Koch-A17-T17-03_cropped_Messpunkt,9,0,0,0,True,True
Koch-A17-T17-08_cropped_Messpunkt,0,0,0,0,True,True
Koch-A17-T17-08_cropped_Messpunkt,1,0,0,0,True,True
Koch-A17-T17-08_cropped_Messpunkt,2,0,0,0,True,True
Koch-A17-T17-08_cropped_Messpunkt,4,0,0,0,True,True
Koch-A17-T17-08_cropped_Messpunkt,6,0,0,0,True,True
Koch-A17-T17-08_cropped_Messpunkt,7,0,0,0,True,True
Koch-A17-T17-08_cropped_Messpunkt,9,0,0,0,True,True
Koch-A17-T17-12_cropped_Messpunkt,1,1,1,1,True,True
Koch-A17-T17-12_cropped_Messpunkt,2,1,1,1,True,True
Koch-A17-T17-12_cropped_Messpunkt,3,1,1,1,True,True
Koch-A17-T17-12_cropped_Messpunkt,7,1,1,1,True,True
Koch-A17-T17-14_cropped_Messpunkt,2,0,0,0,True,True
Koch-A17-T17-18_cropped_Messpunkt,7,0,0,0,True,True
Koch-A18-T18-03_cropped_Messpunkt,7,1,1,1,True,True
Koch-A18-T18-03_cropped_Messpunkt,8,1,1,1,True,True
Koch-A18-T18-17_cropped_Messpunkt,0,1,1,1,True,True
Koch-A18-T18-17_cropped_Messpunkt,1,1,1,1,True,True
Koch-A18-T18-17_cropped_Messpunkt,3,1,1,1,True,True
Koch-A18-T18-17_cropped_Messpunkt,4,1,1,1,True,True
Koch-A18-T18-17_cropped_Messpunkt,6,1,1,1,True,True
Koch-A18-T18-17_cropped_Messpunkt,7,1,1,1,True,True
Koch-A18-T18-17_cropped_Messpunkt,8,1,1,1,True,True
Koch-A18-T18-17_cropped_Messpunkt,9,1,1,1,True,True
Koch-A19-T19-13_cropped_Messpunkt,1,1,1,1,True,True
Koch-A19-T19-13_cropped_Messpunkt,2,1,1,1,True,True
Koch-A19-T19-13_cropped_Messpunkt,3,1,1,1,True,True
Koch-A19-T19-13_cropped_Messpunkt,5,1,1,1,True,True
Koch-A19-T19-13_cropped_Messpunkt,6,1,1,1,True,True
Koch-A19-T19-13_cropped_Messpunkt,9,1,1,1,True,True
Koch-A19-T19-19_cropped_Messpunkt,0,1,1,1,True,True
Koch-A19-T19-19_cropped_Messpunkt,1,1,1,1,True,True
Koch-A19-T19-19_cropped_Messpunkt,2,1,1,1,True,True
Koch-A19-T19-19_cropped_Messpunkt,4,1,1,1,True,True
Koch-A19-T19-19_cropped_Messpunkt,6,1,1,1,True,True
Koch-A19-T19-19_cropped_Messpunkt,9,1,1,1,True,True
Koch-A20-T20-06_cropped_Messpunkt,6,1,1,1,True,True
Koch-A20-T20-06_cropped_Messpunkt,9,1,1,1,True,True
Koch-A20-T20-09_cropped_Messpunkt,3,1,1,1,True,True
Koch-A20-T20-09_cropped_Messpunkt,4,1,1,1,True,True
Koch-A20-T20-12_cropped_Messpunkt,0,0,0,0,True,True
Koch-A20-T20-12_cropped_Messpunkt,3,0,0,0,True,True
Koch-A20-T20-12_cropped_Messpunkt,5,0,0,0,True,True
Koch-A20-T20-12_cropped_Messpunkt,6,0,0,0,True,True
Koch-A20-T20-12_cropped_Messpunkt,8,0,0,0,True,True
Koch-A21-T21-08_cropped_Messpunkt,3,0,0,0,True,True
Koch-A21-T21-08_cropped_Messpunkt,4,0,0,0,True,True
Koch-A21-T21-08_cropped_Messpunkt,5,0,0,0,True,True
Koch-A21-T21-08_cropped_Messpunkt,6,0,0,0,True,True
Koch-A21-T21-08_cropped_Messpunkt,8,0,0,0,True,True
Koch-A21-T21-08_cropped_Messpunkt,9,0,0,0,True,True
Koch-A21-T21-09_cropped_Messpunkt,1,0,0,0,True,True
Koch-A21-T21-09_cropped_Messpunkt,3,0,0,0,True,True
Koch-A21-T21-10_cropped_Messpunkt,7,1,1,1,True,True
Koch-A21-T21-11_cropped_Messpunkt,0,0,0,0,True,True
Koch-A21-T21-11_cropped_Messpunkt,2,0,0,0,True,True
Koch-A21-T21-11_cropped_Messpunkt,3,0,0,0,True,True
Koch-A21-T21-11_cropped_Messpunkt,4,0,0,0,True,True
Koch-A21-T21-11_cropped_Messpunkt,5,0,0,0,True,True
Koch-A21-T21-11_cropped_Messpunkt,6,0,0,0,True,True
Koch-A21-T21-11_cropped_Messpunkt,7,0,0,0,True,True
Koch-A21-T21-11_cropped_Messpunkt,8,0,0,0,True,True
Koch-A21-T21-11_cropped_Messpunkt,9,0,0,0,True,True
Koch-A21-T21-12_cropped_Messpunkt,0,0,0,0,True,True
Koch-A21-T21-12_cropped_Messpunkt,1,0,0,0,True,True
Koch-A21-T21-12_cropped_Messpunkt,2,0,0,0,True,True
Koch-A21-T21-12_cropped_Messpunkt,3,0,0,0,True,True
Koch-A21-T21-12_cropped_Messpunkt,5,0,0,0,True,True
Koch-A21-T21-12_cropped_Messpunkt,6,0,0,0,True,True
Koch-A21-T21-12_cropped_Messpunkt,9,0,0,0,True,True
Koch-A21-T21-15_cropped_Messpunkt,1,0,0,0,True,True
Koch-A21-T21-15_cropped_Messpunkt,2,0,0,0,True,True
Koch-A21-T21-15_cropped_Messpunkt,4,0,0,0,True,True
Koch-A21-T21-15_cropped_Messpunkt,5,0,0,0,True,True
Koch-A21-T21-15_cropped_Messpunkt,6,0,0,0,True,True
Koch-A21-T21-15_cropped_Messpunkt,9,0,0,0,True,True
Koch-A22-T22-09_cropped_Messpunkt,1,1,1,1,True,True
Koch-A22-T22-10_cropped_Messpunkt,0,0,0,0,True,True
Koch-A22-T22-10_cropped_Messpunkt,1,0,0,0,True,True
Koch-A22-T22-10_cropped_Messpunkt,2,0,0,0,True,True
Koch-A22-T22-16_cropped_Messpunkt,0,1,1,1,True,True
Koch-A22-T22-16_cropped_Messpunkt,1,1,1,1,True,True
Koch-A22-T22-16_cropped_Messpunkt,3,1,1,1,True,True
Koch-A22-T22-16_cropped_Messpunkt,5,1,1,1,True,True
Koch-A22-T22-16_cropped_Messpunkt,7,1,1,1,True,True
Koch-A22-T22-16_cropped_Messpunkt,8,1,1,1,True,True
Koch-A22-T22-16_cropped_Messpunkt,9,1,1,1,True,True
Koch-A23-T23-05_cropped_Messpunkt,1,0,0,0,True,True
Koch-A23-T23-05_cropped_Messpunkt,7,0,0,0,True,True
Koch-A23-T23-05_cropped_Messpunkt,9,0,0,0,True,True
Koch-A23-T23-13_cropped_Messpunkt,2,0,0,0,True,True
Koch-A23-T23-16_cropped_Messpunkt,0,0,0,0,True,True
Koch-A23-T23-16_cropped_Messpunkt,1,0,0,0,True,True
Koch-A23-T23-16_cropped_Messpunkt,2,0,0,0,True,True
Koch-A23-T23-16_cropped_Messpunkt,5,0,0,0,True,True
Koch-A23-T23-16_cropped_Messpunkt,6,0,0,0,True,True
Koch-A24-T24-14_cropped_Messpunkt,0,0,0,0,True,True
Koch-A24-T24-14_cropped_Messpunkt,1,0,0,0,True,True
Koch-A24-T24-14_cropped_Messpunkt,2,0,0,0,True,True
Koch-A24-T24-14_cropped_Messpunkt,3,0,0,0,True,True
Koch-A24-T24-14_cropped_Messpunkt,5,0,0,0,True,True
Koch-A24-T24-14_cropped_Messpunkt,6,0,0,0,True,True
Koch-A24-T24-14_cropped_Messpunkt,7,0,0,0,True,True
Koch-A24-T24-14_cropped_Messpunkt,8,0,0,0,True,True
Koch-A24-T24-14_cropped_Messpunkt,9,0,0,0,True,True
Koch-A25-T25-05_cropped_Messpunkt,2,0,0,0,True,True
Koch-A25-T25-05_cropped_Messpunkt,3,0,0,0,True,True
Koch-A25-T25-05_cropped_Messpunkt,4,0,0,0,True,True
Koch-A25-T25-07_cropped_Messpunkt,0,0,0,0,True,True
Koch-A25-T25-07_cropped_Messpunkt,1,0,0,0,True,True
Koch-A25-T25-07_cropped_Messpunkt,3,0,0,0,True,True
Koch-A25-T25-07_cropped_Messpunkt,6,0,0,0,True,True
Koch-A25-T25-07_cropped_Messpunkt,7,0,0,0,True,True
Koch-A25-T25-07_cropped_Messpunkt,8,0,0,0,True,True
Koch-A25-T25-07_cropped_Messpunkt,9,0,0,0,True,True
Koch-A26-T26-04_cropped_Messpunkt,0,1,1,1,True,True
Koch-A26-T26-04_cropped_Messpunkt,1,1,1,1,True,True
Koch-A26-T26-04_cropped_Messpunkt,2,1,1,1,True,True
Koch-A26-T26-04_cropped_Messpunkt,3,1,1,1,True,True
Koch-A26-T26-04_cropped_Messpunkt,4,1,1,1,True,True
Koch-A26-T26-04_cropped_Messpunkt,5,1,1,1,True,True
Koch-A26-T26-04_cropped_Messpunkt,7,1,1,1,True,True
Koch-A26-T26-04_cropped_Messpunkt,8,1,1,1,True,True
Koch-A26-T26-07_cropped_Messpunkt,0,1,1,1,True,True
Koch-A26-T26-07_cropped_Messpunkt,2,1,1,1,True,True
Koch-A26-T26-11_cropped_Messpunkt,2,1,1,1,True,True
Koch-A26-T26-11_cropped_Messpunkt,3,1,1,1,True,True
Koch-A26-T26-11_cropped_Messpunkt,5,1,1,1,True,True
Koch-A26-T26-11_cropped_Messpunkt,6,1,1,1,True,True
Koch-A26-T26-11_cropped_Messpunkt,7,1,1,1,True,True
Koch-A26-T26-11_cropped_Messpunkt,8,1,1,1,True,True
Koch-A26-T26-14_cropped_Messpunkt,0,0,0,0,True,True
Koch-A26-T26-14_cropped_Messpunkt,2,0,0,0,True,True
Koch-A26-T26-14_cropped_Messpunkt,4,0,0,0,True,True
Koch-A26-T26-14_cropped_Messpunkt,8,0,0,0,True,True
Koch-A26-T26-14_cropped_Messpunkt,9,0,0,0,True,True
Koch-A27-T27-06_cropped_Messpunkt,3,0,0,0,True,True
Koch-A27-T27-06_cropped_Messpunkt,4,0,0,0,True,True
Koch-A27-T27-06_cropped_Messpunkt,7,0,0,0,True,True
Koch-A27-T27-06_cropped_Messpunkt,8,0,0,0,True,True
Koch-A27-T27-06_cropped_Messpunkt,9,0,0,0,True,True
Koch-A27-T27-08_cropped_Messpunkt,4,1,1,1,True,True
Koch-A27-T27-08_cropped_Messpunkt,5,1,1,1,True,True
Koch-A27-T27-12_cropped_Messpunkt,0,1,1,1,True,True
Koch-A27-T27-12_cropped_Messpunkt,1,1,1,1,True,True
Koch-A27-T27-12_cropped_Messpunkt,4,1,1,1,True,True
Koch-A27-T27-12_cropped_Messpunkt,5,1,1,1,True,True
Koch-A27-T27-12_cropped_Messpunkt,6,1,1,1,True,True
Koch-A27-T27-12_cropped_Messpunkt,7,1,1,1,True,True
Koch-A27-T27-12_cropped_Messpunkt,9,1,1,1,True,True
Koch-A27-T27-13_cropped_Messpunkt,1,0,0,0,True,True
Koch-A27-T27-13_cropped_Messpunkt,2,0,0,0,True,True
Koch-A27-T27-13_cropped_Messpunkt,3,0,0,0,True,True
Koch-A27-T27-13_cropped_Messpunkt,4,0,0,0,True,True
Koch-A27-T27-13_cropped_Messpunkt,5,0,0,0,True,True
Koch-A27-T27-13_cropped_Messpunkt,8,0,0,0,True,True
Koch-A27-T27-13_cropped_Messpunkt,9,0,0,0,True,True
Koch-A27-T27-20_cropped_Messpunkt,3,1,1,1,True,True
Koch-A27-T27-20_cropped_Messpunkt,4,1,1,1,True,True
Koch-A27-T27-20_cropped_Messpunkt,5,1,1,1,True,True
Koch-A27-T27-20_cropped_Messpunkt,6,1,1,1,True,True
Koch-A27-T27-20_cropped_Messpunkt,7,1,1,1,True,True
Koch-A27-T27-20_cropped_Messpunkt,8,1,1,1,True,True
Koch-A28-T28-04_cropped_Messpunkt,1,1,1,1,True,True
Koch-A28-T28-04_cropped_Messpunkt,2,1,1,1,True,True
Koch-A28-T28-04_cropped_Messpunkt,3,1,1,1,True,True
Koch-A28-T28-04_cropped_Messpunkt,4,1,1,1,True,True
Koch-A28-T28-04_cropped_Messpunkt,5,1,1,1,True,True
Koch-A28-T28-04_cropped_Messpunkt,6,1,1,1,True,True
Koch-A28-T28-04_cropped_Messpunkt,7,1,1,1,True,True
Koch-A28-T28-04_cropped_Messpunkt,8,1,1,1,True,True
Koch-A28-T28-04_cropped_Messpunkt,9,1,1,1,True,True
Koch-A28-T28-07_cropped_Messpunkt,0,1,1,1,True,True
Koch-A28-T28-07_cropped_Messpunkt,2,1,1,1,True,True
Koch-A28-T28-07_cropped_Messpunkt,8,1,1,1,True,True
Koch-A28-T28-12_cropped_Messpunkt,0,1,1,1,True,True
Koch-A28-T28-12_cropped_Messpunkt,1,1,1,1,True,True
Koch-A28-T28-12_cropped_Messpunkt,5,1,1,1,True,True
Koch-A28-T28-12_cropped_Messpunkt,6,1,1,1,True,True
Koch-A28-T28-12_cropped_Messpunkt,7,1,1,1,True,True
Koch-A28-T28-12_cropped_Messpunkt,8,1,1,1,True,True
Koch-A28-T28-12_cropped_Messpunkt,9,1,1,1,True,True
Koch-A28-T28-14_cropped_Messpunkt,1,1,1,1,True,True
Koch-A28-T28-14_cropped_Messpunkt,3,1,1,1,True,True
Koch-A28-T28-14_cropped_Messpunkt,7,1,1,1,True,True
Koch-A28-T28-14_cropped_Messpunkt,9,1,1,1,True,True
Koch-A28-T28-17_cropped_Messpunkt,0,1,1,1,True,True
Koch-A28-T28-17_cropped_Messpunkt,1,1,1,1,True,True
Koch-A28-T28-17_cropped_Messpunkt,2,1,1,1,True,True
Koch-A28-T28-17_cropped_Messpunkt,3,1,1,1,True,True
Koch-A28-T28-17_cropped_Messpunkt,5,1,1,1,True,True
Koch-A28-T28-17_cropped_Messpunkt,6,1,1,1,True,True
Koch-A28-T28-17_cropped_Messpunkt,7,1,1,1,True,True
Koch-A28-T28-17_cropped_Messpunkt,8,1,1,1,True,True
Koch-A29-T29-01_cropped_Messpunkt,2,1,1,1,True,True
Koch-A29-T29-01_cropped_Messpunkt,3,1,1,1,True,True
Koch-A29-T29-01_cropped_Messpunkt,4,1,1,1,True,True
Koch-A29-T29-01_cropped_Messpunkt,5,1,1,1,True,True
Koch-A29-T29-01_cropped_Messpunkt,6,1,1,1,True,True
Koch-A29-T29-01_cropped_Messpunkt,7,1,1,1,True,True
Koch-A29-T29-01_cropped_Messpunkt,8,1,1,1,True,True
Koch-A29-T29-01_cropped_Messpunkt,9,1,1,1,True,True
Koch-A29-T29-02_cropped_Messpunkt,1,1,1,1,True,True
Koch-A29-T29-02_cropped_Messpunkt,3,1,1,1,True,True
Koch-A29-T29-02_cropped_Messpunkt,4,1,1,1,True,True
Koch-A29-T29-03_cropped_Messpunkt,4,1,1,1,True,True
Koch-A29-T29-03_cropped_Messpunkt,8,1,1,1,True,True
Koch-A29-T29-06_cropped_Messpunkt,0,1,1,1,True,True
Koch-A29-T29-06_cropped_Messpunkt,1,1,1,1,True,True
Koch-A29-T29-06_cropped_Messpunkt,2,1,1,1,True,True
Koch-A29-T29-06_cropped_Messpunkt,3,1,1,1,True,True
Koch-A29-T29-06_cropped_Messpunkt,4,1,1,1,True,True
Koch-A29-T29-06_cropped_Messpunkt,5,1,1,1,True,True
Koch-A29-T29-06_cropped_Messpunkt,6,1,1,1,True,True
Koch-A29-T29-06_cropped_Messpunkt,7,1,1,1,True,True
Koch-A29-T29-06_cropped_Messpunkt,9,1,1,1,True,True
Koch-A29-T29-19_cropped_Messpunkt,1,1,1,1,True,True
Koch-A29-T29-19_cropped_Messpunkt,9,1,1,1,True,True
Koch-A3-T3-04_cropped_Messpunkt,0,1,1,1,True,True
Koch-A3-T3-04_cropped_Messpunkt,1,1,1,1,True,True
Koch-A3-T3-04_cropped_Messpunkt,2,1,1,1,True,True
Koch-A3-T3-04_cropped_Messpunkt,3,1,1,1,True,True
Koch-A3-T3-04_cropped_Messpunkt,4,1,1,1,True,True
Koch-A3-T3-04_cropped_Messpunkt,5,1,1,1,True,True
Koch-A3-T3-04_cropped_Messpunkt,6,1,1,1,True,True
Koch-A3-T3-04_cropped_Messpunkt,7,1,1,1,True,True
Koch-A3-T3-04_cropped_Messpunkt,8,1,1,1,True,True
Koch-A3-T3-04_cropped_Messpunkt,9,1,1,1,True,True
Koch-A3-T3-09_cropped_Messpunkt,0,1,1,1,True,True
Koch-A3-T3-09_cropped_Messpunkt,1,1,1,1,True,True
Koch-A3-T3-09_cropped_Messpunkt,2,1,1,1,True,True
Koch-A3-T3-09_cropped_Messpunkt,5,1,1,1,True,True
Koch-A3-T3-09_cropped_Messpunkt,6,1,1,1,True,True
Koch-A3-T3-09_cropped_Messpunkt,7,1,1,1,True,True
Koch-A3-T3-09_cropped_Messpunkt,8,1,1,1,True,True
Koch-A3-T3-09_cropped_Messpunkt,9,1,1,1,True,True
Koch-A3-T3-14_cropped_Messpunkt,2,1,1,1,True,True
Koch-A3-T3-14_cropped_Messpunkt,3,1,1,1,True,True
Koch-A3-T3-14_cropped_Messpunkt,4,1,1,1,True,True
Koch-A3-T3-14_cropped_Messpunkt,6,1,1,1,True,True
Koch-A3-T3-14_cropped_Messpunkt,7,1,1,1,True,True
Koch-A3-T3-15_cropped_Messpunkt,3,0,0,0,True,True
Koch-A3-T3-15_cropped_Messpunkt,5,0,0,0,True,True
Koch-A3-T3-16_cropped_Messpunkt,0,0,0,0,True,True
Koch-A3-T3-16_cropped_Messpunkt,1,0,0,0,True,True
Koch-A3-T3-16_cropped_Messpunkt,3,0,0,0,True,True
Koch-A3-T3-16_cropped_Messpunkt,5,0,0,0,True,True
Koch-A3-T3-16_cropped_Messpunkt,6,0,0,0,True,True
Koch-A3-T3-16_cropped_Messpunkt,7,0,0,0,True,True
Koch-A3-T3-16_cropped_Messpunkt,8,0,0,0,True,True
Koch-A3-T3-16_cropped_Messpunkt,9,0,0,0,True,True
Koch-A3-T3-19_cropped_Messpunkt,1,1,1,1,True,True
Koch-A3-T3-19_cropped_Messpunkt,2,1,1,1,True,True
Koch-A3-T3-19_cropped_Messpunkt,3,1,1,1,True,True
Koch-A3-T3-19_cropped_Messpunkt,4,1,1,1,True,True
Koch-A3-T3-19_cropped_Messpunkt,5,1,1,1,True,True
Koch-A3-T3-19_cropped_Messpunkt,6,1,1,1,True,True
Koch-A3-T3-19_cropped_Messpunkt,7,1,1,1,True,True
Koch-A30-T30-10_cropped_Messpunkt,0,2,2,2,True,True
Koch-A30-T30-10_cropped_Messpunkt,1,2,2,2,True,True
Koch-A30-T30-10_cropped_Messpunkt,2,2,2,2,True,True
Koch-A30-T30-10_cropped_Messpunkt,3,2,2,2,True,True
Koch-A30-T30-10_cropped_Messpunkt,4,2,2,2,True,True
Koch-A30-T30-10_cropped_Messpunkt,5,2,2,2,True,True
Koch-A30-T30-10_cropped_Messpunkt,6,2,2,2,True,True
Koch-A30-T30-10_cropped_Messpunkt,7,2,2,2,True,True
Koch-A30-T30-10_cropped_Messpunkt,8,2,2,2,True,True
Koch-A30-T30-11_cropped_Messpunkt,0,2,2,2,True,True
Koch-A30-T30-11_cropped_Messpunkt,1,2,2,2,True,True
Koch-A30-T30-11_cropped_Messpunkt,2,2,2,2,True,True
Koch-A30-T30-11_cropped_Messpunkt,3,2,2,2,True,True
Koch-A30-T30-11_cropped_Messpunkt,4,2,2,2,True,True
Koch-A30-T30-11_cropped_Messpunkt,5,2,2,2,True,True
Koch-A30-T30-11_cropped_Messpunkt,6,2,2,2,True,True
Koch-A30-T30-11_cropped_Messpunkt,7,2,2,2,True,True
Koch-A30-T30-11_cropped_Messpunkt,8,2,2,2,True,True
Koch-A30-T30-11_cropped_Messpunkt,9,2,2,2,True,True
Koch-A30-T30-15_cropped_Messpunkt,0,2,2,2,True,True
Koch-A30-T30-15_cropped_Messpunkt,1,2,2,2,True,True
Koch-A30-T30-15_cropped_Messpunkt,2,2,2,2,True,True
Koch-A30-T30-15_cropped_Messpunkt,3,2,2,2,True,True
Koch-A30-T30-15_cropped_Messpunkt,4,2,2,2,True,True
Koch-A30-T30-15_cropped_Messpunkt,5,2,2,2,True,True
Koch-A30-T30-15_cropped_Messpunkt,6,2,2,2,True,True
Koch-A30-T30-15_cropped_Messpunkt,7,2,2,2,True,True
Koch-A30-T30-15_cropped_Messpunkt,8,2,2,2,True,True
Koch-A31-T31-05_cropped_Messpunkt,0,2,2,2,True,True
Koch-A31-T31-05_cropped_Messpunkt,1,2,2,2,True,True
Koch-A31-T31-05_cropped_Messpunkt,2,2,2,2,True,True
Koch-A31-T31-05_cropped_Messpunkt,3,2,2,2,True,True
Koch-A31-T31-05_cropped_Messpunkt,4,2,2,2,True,True
Koch-A31-T31-05_cropped_Messpunkt,5,2,2,2,True,True
Koch-A31-T31-05_cropped_Messpunkt,6,2,2,2,True,True
Koch-A31-T31-05_cropped_Messpunkt,7,2,2,2,True,True
Koch-A31-T31-05_cropped_Messpunkt,8,2,2,2,True,True
Koch-A31-T31-05_cropped_Messpunkt,9,2,2,2,True,True
Koch-A31-T31-10_cropped_Messpunkt,0,2,2,2,True,True
Koch-A31-T31-10_cropped_Messpunkt,1,2,2,2,True,True
Koch-A31-T31-10_cropped_Messpunkt,2,2,2,2,True,True
Koch-A31-T31-10_cropped_Messpunkt,3,2,2,2,True,True
Koch-A31-T31-10_cropped_Messpunkt,4,2,2,2,True,True
Koch-A31-T31-10_cropped_Messpunkt,5,2,2,2,True,True
Koch-A31-T31-10_cropped_Messpunkt,6,2,2,2,True,True
Koch-A31-T31-10_cropped_Messpunkt,7,2,2,2,True,True
Koch-A31-T31-10_cropped_Messpunkt,8,2,2,2,True,True
Koch-A31-T31-10_cropped_Messpunkt,9,2,2,2,True,True
Koch-A31-T31-12_cropped_Messpunkt,0,2,2,2,True,True
Koch-A31-T31-12_cropped_Messpunkt,1,2,2,2,True,True
Koch-A31-T31-12_cropped_Messpunkt,2,2,2,2,True,True
Koch-A31-T31-12_cropped_Messpunkt,3,2,2,2,True,True
Koch-A31-T31-12_cropped_Messpunkt,4,2,2,2,True,True
Koch-A31-T31-12_cropped_Messpunkt,5,2,2,2,True,True
Koch-A31-T31-12_cropped_Messpunkt,6,2,2,2,True,True
Koch-A31-T31-12_cropped_Messpunkt,7,2,2,2,True,True
Koch-A31-T31-12_cropped_Messpunkt,8,2,2,2,True,True
Koch-A31-T31-12_cropped_Messpunkt,9,2,2,2,True,True
Koch-A31-T31-14_cropped_Messpunkt,1,2,2,2,True,True
Koch-A31-T31-14_cropped_Messpunkt,2,2,2,2,True,True
Koch-A31-T31-14_cropped_Messpunkt,3,2,2,2,True,True
Koch-A31-T31-14_cropped_Messpunkt,4,2,2,2,True,True
Koch-A31-T31-14_cropped_Messpunkt,5,2,2,2,True,True
Koch-A31-T31-14_cropped_Messpunkt,6,2,2,2,True,True
Koch-A31-T31-14_cropped_Messpunkt,8,2,2,2,True,True
Koch-A31-T31-17_cropped_Messpunkt,0,1,1,1,True,True
Koch-A31-T31-17_cropped_Messpunkt,1,1,1,1,True,True
Koch-A31-T31-17_cropped_Messpunkt,2,1,1,1,True,True
Koch-A31-T31-17_cropped_Messpunkt,3,1,1,1,True,True
Koch-A31-T31-17_cropped_Messpunkt,4,1,1,1,True,True
Koch-A31-T31-17_cropped_Messpunkt,5,1,1,1,True,True
Koch-A31-T31-17_cropped_Messpunkt,6,1,1,1,True,True
Koch-A31-T31-17_cropped_Messpunkt,7,1,1,1,True,True
Koch-A31-T31-17_cropped_Messpunkt,8,1,1,1,True,True
Koch-A31-T31-17_cropped_Messpunkt,9,1,1,1,True,True
Koch-A4-T4-03_cropped_Messpunkt,0,1,1,1,True,True
Koch-A4-T4-03_cropped_Messpunkt,1,1,1,1,True,True
Koch-A4-T4-03_cropped_Messpunkt,2,1,1,1,True,True
Koch-A4-T4-03_cropped_Messpunkt,3,1,1,1,True,True
Koch-A4-T4-03_cropped_Messpunkt,4,1,1,1,True,True
Koch-A4-T4-03_cropped_Messpunkt,5,1,1,1,True,True
Koch-A4-T4-03_cropped_Messpunkt,6,1,1,1,True,True
Koch-A4-T4-03_cropped_Messpunkt,7,1,1,1,True,True
Koch-A4-T4-03_cropped_Messpunkt,8,1,1,1,True,True
Koch-A4-T4-05_cropped_Messpunkt,1,1,1,1,True,True
Koch-A4-T4-05_cropped_Messpunkt,2,1,1,1,True,True
Koch-A4-T4-05_cropped_Messpunkt,4,1,1,1,True,True
Koch-A4-T4-05_cropped_Messpunkt,5,1,1,1,True,True
Koch-A4-T4-05_cropped_Messpunkt,6,1,1,1,True,True
Koch-A4-T4-05_cropped_Messpunkt,7,1,1,1,True,True
Koch-A4-T4-05_cropped_Messpunkt,8,1,1,1,True,True
Koch-A4-T4-05_cropped_Messpunkt,9,1,1,1,True,True
Koch-A4-T4-08_cropped_Messpunkt,0,1,1,1,True,True
Koch-A4-T4-08_cropped_Messpunkt,1,1,1,1,True,True
Koch-A4-T4-08_cropped_Messpunkt,3,1,1,1,True,True
Koch-A4-T4-08_cropped_Messpunkt,4,1,1,1,True,True
Koch-A4-T4-08_cropped_Messpunkt,6,1,1,1,True,True
Koch-A4-T4-08_cropped_Messpunkt,7,1,1,1,True,True
Koch-A4-T4-08_cropped_Messpunkt,8,1,1,1,True,True
Koch-A4-T4-08_cropped_Messpunkt,9,1,1,1,True,True
Koch-A4-T4-12_cropped_Messpunkt,0,1,1,1,True,True
Koch-A4-T4-12_cropped_Messpunkt,2,1,1,1,True,True
Koch-A4-T4-12_cropped_Messpunkt,3,1,1,1,True,True
Koch-A4-T4-12_cropped_Messpunkt,4,1,1,1,True,True
Koch-A4-T4-12_cropped_Messpunkt,5,1,1,1,True,True
Koch-A4-T4-12_cropped_Messpunkt,7,1,1,1,True,True
Koch-A4-T4-12_cropped_Messpunkt,8,1,1,1,True,True
Koch-A4-T4-12_cropped_Messpunkt,9,1,1,1,True,True
Koch-A5-T5-04_cropped_Messpunkt,0,1,1,1,True,True
Koch-A5-T5-04_cropped_Messpunkt,1,1,1,1,True,True
Koch-A5-T5-04_cropped_Messpunkt,2,1,1,1,True,True
Koch-A5-T5-04_cropped_Messpunkt,3,1,1,1,True,True
Koch-A5-T5-04_cropped_Messpunkt,5,1,1,1,True,True
Koch-A5-T5-04_cropped_Messpunkt,6,1,1,1,True,True
Koch-A5-T5-04_cropped_Messpunkt,7,1,1,1,True,True
Koch-A5-T5-04_cropped_Messpunkt,8,1,1,1,True,True
Koch-A5-T5-04_cropped_Messpunkt,9,1,1,1,True,True
Koch-A5-T5-09_cropped_Messpunkt,0,0,0,0,True,True
Koch-A5-T5-09_cropped_Messpunkt,1,0,0,0,True,True
Koch-A5-T5-09_cropped_Messpunkt,2,0,0,0,True,True
Koch-A5-T5-09_cropped_Messpunkt,3,0,0,0,True,True
Koch-A5-T5-09_cropped_Messpunkt,5,0,0,0,True,True
Koch-A5-T5-09_cropped_Messpunkt,6,0,0,0,True,True
Koch-A5-T5-09_cropped_Messpunkt,7,0,0,0,True,True
Koch-A5-T5-09_cropped_Messpunkt,8,0,0,0,True,True
Koch-A5-T5-19_cropped_Messpunkt,0,0,0,0,True,True
Koch-A5-T5-19_cropped_Messpunkt,1,0,0,0,True,True
Koch-A5-T5-19_cropped_Messpunkt,2,0,0,0,True,True
Koch-A5-T5-19_cropped_Messpunkt,3,0,0,0,True,True
Koch-A5-T5-19_cropped_Messpunkt,4,0,0,0,True,True
Koch-A5-T5-19_cropped_Messpunkt,5,0,0,0,True,True
Koch-A5-T5-19_cropped_Messpunkt,7,0,0,0,True,True
Koch-A5-T5-19_cropped_Messpunkt,8,0,0,0,True,True
Koch-A6-T6-06_cropped_Messpunkt,1,0,0,0,True,True
Koch-A6-T6-06_cropped_Messpunkt,3,0,0,0,True,True
Koch-A6-T6-06_cropped_Messpunkt,5,0,0,0,True,True
Koch-A6-T6-06_cropped_Messpunkt,6,0,0,0,True,True
Koch-A6-T6-06_cropped_Messpunkt,7,0,0,0,True,True
Koch-A6-T6-12_cropped_Messpunkt,4,1,1,1,True,True
Koch-A6-T6-12_cropped_Messpunkt,7,1,1,1,True,True
Koch-A6-T6-12_cropped_Messpunkt,9,1,1,1,True,True
Koch-A6-T6-14_cropped_Messpunkt,5,0,0,0,True,True
Koch-A6-T6-14_cropped_Messpunkt,7,0,0,0,True,True
Koch-A6-T6-14_cropped_Messpunkt,9,0,0,0,True,True
Koch-A6-T6-16_cropped_Messpunkt,0,0,0,0,True,True
Koch-A6-T6-16_cropped_Messpunkt,1,0,0,0,True,True
Koch-A6-T6-16_cropped_Messpunkt,2,0,0,0,True,True
Koch-A6-T6-16_cropped_Messpunkt,5,0,0,0,True,True
Koch-A6-T6-16_cropped_Messpunkt,6,0,0,0,True,True
Koch-A6-T6-20_cropped_Messpunkt,1,0,0,0,True,True
Koch-A6-T6-20_cropped_Messpunkt,3,0,0,0,True,True
Koch-A6-T6-20_cropped_Messpunkt,4,0,0,0,True,True
Koch-A6-T6-20_cropped_Messpunkt,6,0,0,0,True,True
Koch-A6-T6-20_cropped_Messpunkt,7,0,0,0,True,True
Koch-A7-T7-02_cropped_Messpunkt,0,0,0,0,True,True
Koch-A7-T7-02_cropped_Messpunkt,2,0,0,0,True,True
Koch-A7-T7-02_cropped_Messpunkt,3,0,0,0,True,True
Koch-A7-T7-02_cropped_Messpunkt,9,0,0,0,True,True
Koch-A7-T7-05_cropped_Messpunkt,9,0,0,0,True,True
Koch-A7-T7-06_cropped_Messpunkt,0,0,0,0,True,True
Koch-A7-T7-06_cropped_Messpunkt,2,0,0,0,True,True
Koch-A7-T7-06_cropped_Messpunkt,3,0,0,0,True,True
Koch-A7-T7-06_cropped_Messpunkt,4,0,0,0,True,True
Koch-A7-T7-06_cropped_Messpunkt,7,0,0,0,True,True
Koch-A7-T7-06_cropped_Messpunkt,8,0,0,0,True,True
Koch-A7-T7-16_cropped_Messpunkt,3,1,1,1,True,True
Koch-A7-T7-16_cropped_Messpunkt,4,1,1,1,True,True
Koch-A7-T7-16_cropped_Messpunkt,7,1,1,1,True,True
Koch-A7-T7-16_cropped_Messpunkt,9,1,1,1,True,True
Koch-A8-T8-05_cropped_Messpunkt,0,1,1,1,True,True
Koch-A8-T8-05_cropped_Messpunkt,3,1,1,1,True,True
Koch-A8-T8-05_cropped_Messpunkt,5,1,1,1,True,True
Koch-A8-T8-05_cropped_Messpunkt,6,1,1,1,True,True
Koch-A8-T8-05_cropped_Messpunkt,7,1,1,1,True,True
Koch-A8-T8-05_cropped_Messpunkt,8,1,1,1,True,True
Koch-A8-T8-10_cropped_Messpunkt,3,1,1,1,True,True
Koch-A8-T8-10_cropped_Messpunkt,4,1,1,1,True,True
Koch-A8-T8-12_cropped_Messpunkt,0,1,1,1,True,True
Koch-A8-T8-12_cropped_Messpunkt,7,1,1,1,True,True
Koch-A8-T8-15_cropped_Messpunkt,0,1,1,1,True,True
Koch-A8-T8-15_cropped_Messpunkt,2,1,1,1,True,True
Koch-A8-T8-15_cropped_Messpunkt,6,1,1,1,True,True
Koch-A8-T8-15_cropped_Messpunkt,8,1,1,1,True,True
Koch-A8-T8-15_cropped_Messpunkt,9,1,1,1,True,True
Koch-A9-T9-17_cropped_Messpunkt,0,1,1,1,True,True
Koch-A9-T9-17_cropped_Messpunkt,2,1,1,1,True,True
Koch-A9-T9-17_cropped_Messpunkt,5,1,1,1,True,True
Koch-A9-T9-17_cropped_Messpunkt,6,1,1,1,True,True
Koch-A9-T9-17_cropped_Messpunkt,7,1,1,1,True,True
Koch-A9-T9-17_cropped_Messpunkt,8,1,1,1,True,True
Koch-A9-T9-17_cropped_Messpunkt,9,1,1,1,True,True
Koch-F1-16_cropped_Messpunkt,2,1,1,1,True,True
Koch-F1-16_cropped_Messpunkt,4,1,1,1,True,True
Koch-F1-16_cropped_Messpunkt,5,1,1,1,True,True
Koch-F1-16_cropped_Messpunkt,6,1,1,1,True,True
Koch-F1-16_cropped_Messpunkt,7,1,1,1,True,True
Koch-F1-16_cropped_Messpunkt,8,1,1,1,True,True
Koch-F1-18_cropped_Messpunkt,3,0,0,0,True,True
Koch-F1-18_cropped_Messpunkt,4,0,0,0,True,True
Koch-F2-12_cropped_Messpunkt,0,0,0,0,True,True
Koch-F2-12_cropped_Messpunkt,3,0,0,0,True,True
Koch-F2-12_cropped_Messpunkt,5,0,0,0,True,True
Koch-F2-17_cropped_Messpunkt,0,0,0,0,True,True
Koch-F2-17_cropped_Messpunkt,1,0,0,0,True,True
Koch-F2-17_cropped_Messpunkt,7,0,0,0,True,True
Koch-F2-17_cropped_Messpunkt,9,0,0,0,True,True
Koch-VVS10-01_cropped_Messpunkt,3,0,0,0,True,True
Koch-VVS10-01_cropped_Messpunkt,4,0,0,0,True,True
Koch-VVS10-01_cropped_Messpunkt,5,0,0,0,True,True
Koch-VVS10-01_cropped_Messpunkt,6,0,0,0,True,True
Koch-VVS10-01_cropped_Messpunkt,7,0,0,0,True,True
Koch-VVS10-01_cropped_Messpunkt,8,0,0,0,True,True
Koch-VVS10-01_cropped_Messpunkt,9,0,0,0,True,True
Koch-VVS10-11_cropped_Messpunkt,6,1,1,1,True,True
Koch-VVS10-12_cropped_Messpunkt,2,1,1,1,True,True
Koch-VVS10-12_cropped_Messpunkt,4,1,1,1,True,True
Koch-VVS10-12_cropped_Messpunkt,6,1,1,1,True,True
Koch-VVS10-14_cropped_Messpunkt,8,1,1,1,True,True
Koch-VVS10-15_cropped_Messpunkt,3,1,1,1,True,True
Koch-VVS10-15_cropped_Messpunkt,8,1,1,1,True,True
Koch-VVS10-20_cropped_Messpunkt,6,1,1,1,True,True
Koch-VVS13-02_cropped_Messpunkt,2,2,2,2,True,True
Koch-VVS13-03_cropped_Messpunkt,6,1,1,1,True,True
Koch-VVS13-03_cropped_Messpunkt,9,1,1,1,True,True
Koch-VVS13-04_cropped_Messpunkt,3,1,1,1,True,True
Koch-VVS13-05_cropped_Messpunkt,4,1,1,1,True,True
Koch-VVS13-08_cropped_Messpunkt,6,1,1,1,True,True
Koch-VVS13-08_cropped_Messpunkt,8,1,1,1,True,True
Koch-VVS13-09_cropped_Messpunkt,9,2,2,2,True,True
Koch-VVS13-10_cropped_Messpunkt,5,2,2,2,True,True
Koch-VVS13-10_cropped_Messpunkt,7,2,2,2,True,True
Koch-VVS13-13_cropped_Messpunkt,2,2,2,2,True,True
Koch-VVS13-14_cropped_Messpunkt,5,2,2,2,True,True
Koch-VVS13-15_cropped_Messpunkt,4,2,2,2,True,True
Koch-VVS13-15_cropped_Messpunkt,7,2,2,2,True,True
Koch-VVS13-17_cropped_Messpunkt,6,2,2,2,True,True
Koch-VVS13-18_cropped_Messpunkt,1,2,2,2,True,True
Koch-VVS13-18_cropped_Messpunkt,3,2,2,2,True,True
Koch-VVS13-19_cropped_Messpunkt,0,2,2,2,True,True
Koch-VVS13-19_cropped_Messpunkt,3,2,2,2,True,True
Koch-VVS16-04_cropped_Messpunkt,2,1,1,1,True,True
Koch-VVS16-04_cropped_Messpunkt,7,1,1,1,True,True
Koch-VVS16-04_cropped_Messpunkt,9,1,1,1,True,True
Koch-VVS16-06_cropped_Messpunkt,3,1,1,1,True,True
Koch-VVS16-07_cropped_Messpunkt,2,0,0,0,True,True
Koch-VVS16-08_cropped_Messpunkt,0,0,0,0,True,True
Koch-VVS16-08_cropped_Messpunkt,2,0,0,0,True,True
Koch-VVS16-09_cropped_Messpunkt,2,1,1,1,True,True
Koch-VVS16-10_cropped_Messpunkt,1,0,0,0,True,True
Koch-VVS16-13_cropped_Messpunkt,5,0,0,0,True,True
Koch-VVS16-16_cropped_Messpunkt,1,1,1,1,True,True
Koch-VVS16-18_cropped_Messpunkt,1,1,1,1,True,True
Koch-VVS16-18_cropped_Messpunkt,3,1,1,1,True,True
Koch-VVS16-18_cropped_Messpunkt,4,1,1,1,True,True
Koch-VVS16-19_cropped_Messpunkt,1,1,1,1,True,True
Koch-VVS16-19_cropped_Messpunkt,6,1,1,1,True,True
Koch-VVS19-01_cropped_Messpunkt,5,1,1,1,True,True
Koch-VVS19-05_cropped_Messpunkt,4,1,1,1,True,True
Koch-VVS19-05_cropped_Messpunkt,8,1,1,1,True,True
Koch-VVS19-06_cropped_Messpunkt,5,1,1,1,True,True
Koch-VVS19-06_cropped_Messpunkt,6,1,1,1,True,True
Koch-VVS19-06_cropped_Messpunkt,8,1,1,1,True,True
Koch-VVS19-07_cropped_Messpunkt,3,0,0,0,True,True
Koch-VVS19-10_cropped_Messpunkt,1,0,0,0,True,True
Koch-VVS19-10_cropped_Messpunkt,2,0,0,0,True,True
Koch-VVS19-11_cropped_Messpunkt,7,0,0,0,True,True
Koch-VVS19-14_cropped_Messpunkt,1,0,0,0,True,True
Koch-VVS19-14_cropped_Messpunkt,3,0,0,0,True,True
Koch-VVS19-14_cropped_Messpunkt,8,0,0,0,True,True
Koch-VVS19-16_cropped_Messpunkt,3,1,1,1,True,True
Koch-VVS19-19_cropped_Messpunkt,5,0,0,0,True,True
Koch-VVS19-20_cropped_Messpunkt,2,0,0,0,True,True
Koch-VVS19-20_cropped_Messpunkt,3,0,0,0,True,True
Koch-VVS19-20_cropped_Messpunkt,6,0,0,0,True,True
Koch-VVS19-20_cropped_Messpunkt,7,0,0,0,True,True
Koch-VVS19-20_cropped_Messpunkt,8,0,0,0,True,True
Koch-VVS22-01_cropped_Messpunkt,8,0,0,0,True,True
Koch-VVS22-02_cropped_Messpunkt,5,0,0,0,True,True
Koch-VVS22-03_cropped_Messpunkt,2,0,0,0,True,True
Koch-VVS22-05_cropped_Messpunkt,8,0,0,0,True,True
Koch-VVS22-06_cropped_Messpunkt,7,1,1,1,True,True
Koch-VVS22-08_cropped_Messpunkt,8,1,1,1,True,True
Koch-VVS22-12_cropped_Messpunkt,1,0,0,0,True,True
Koch-VVS22-12_cropped_Messpunkt,2,0,0,0,True,True
Koch-VVS22-15_cropped_Messpunkt,2,0,0,0,True,True
Koch-VVS22-15_cropped_Messpunkt,5,0,0,0,True,True
Koch-VVS22-16_cropped_Messpunkt,1,0,0,0,True,True
Koch-VVS22-16_cropped_Messpunkt,6,0,0,0,True,True
Koch-VVS22-16_cropped_Messpunkt,8,0,0,0,True,True
Koch-VVS22-18_cropped_Messpunkt,4,0,0,0,True,True
Koch-VVS22-19_cropped_Messpunkt,1,0,0,0,True,True
Koch-VVS22-20_cropped_Messpunkt,1,0,0,0,True,True
Koch-VVS22-20_cropped_Messpunkt,4,0,0,0,True,True
Koch-VVS23-01_cropped_Messpunkt,8,0,0,0,True,True
Koch-VVS23-01_cropped_Messpunkt,9,0,0,0,True,True
Koch-VVS23-02_cropped_Messpunkt,4,1,1,1,True,True
Koch-VVS23-02_cropped_Messpunkt,6,1,1,1,True,True
Koch-VVS23-03_cropped_Messpunkt,3,1,1,1,True,True
Koch-VVS23-03_cropped_Messpunkt,7,1,1,1,True,True
Koch-VVS23-04_cropped_Messpunkt,0,0,0,0,True,True
Koch-VVS23-04_cropped_Messpunkt,7,0,0,0,True,True
Koch-VVS23-04_cropped_Messpunkt,9,0,0,0,True,True
Koch-VVS23-05_cropped_Messpunkt,2,0,0,0,True,True
Koch-VVS23-05_cropped_Messpunkt,4,0,0,0,True,True
Koch-VVS23-06_cropped_Messpunkt,2,0,0,0,True,True
Koch-VVS23-06_cropped_Messpunkt,8,0,0,0,True,True
Koch-VVS23-09_cropped_Messpunkt,2,0,0,0,True,True
Koch-VVS23-09_cropped_Messpunkt,6,0,0,0,True,True
Koch-VVS23-12_cropped_Messpunkt,3,0,0,0,True,True
Koch-VVS23-13_cropped_Messpunkt,6,1,1,1,True,True
Koch-VVS23-13_cropped_Messpunkt,7,1,1,1,True,True
Koch-VVS23-14_cropped_Messpunkt,0,1,1,1,True,True
Koch-VVS23-14_cropped_Messpunkt,1,1,1,1,True,True
Koch-VVS23-14_cropped_Messpunkt,3,1,1,1,True,True
Koch-VVS23-14_cropped_Messpunkt,8,1,1,1,True,True
Koch-VVS23-15_cropped_Messpunkt,8,1,1,1,True,True
Koch-VVS23-16_cropped_Messpunkt,0,1,1,1,True,True
Koch-VVS23-16_cropped_Messpunkt,6,1,1,1,True,True
Koch-VVS23-17_cropped_Messpunkt,3,1,1,1,True,True
Koch-VVS23-18_cropped_Messpunkt,4,1,1,1,True,True
Koch-VVS23-18_cropped_Messpunkt,8,1,1,1,True,True
Koch-VVS23-19_cropped_Messpunkt,6,1,1,1,True,True
Koch-VVS23-20_cropped_Messpunkt,3,1,1,1,True,True
Koch-VVS23-20_cropped_Messpunkt,5,1,1,1,True,True
Koch-VVS23-20_cropped_Messpunkt,9,1,1,1,True,True
Koch-VVS24-01_cropped_Messpunkt,8,1,1,1,True,True
Koch-VVS24-01_cropped_Messpunkt,9,1,1,1,True,True
Koch-VVS24-03_cropped_Messpunkt,1,1,1,1,True,True
Koch-VVS24-03_cropped_Messpunkt,9,1,1,1,True,True
Koch-VVS24-04_cropped_Messpunkt,9,1,1,1,True,True
Koch-VVS24-05_cropped_Messpunkt,3,1,1,1,True,True
Koch-VVS24-05_cropped_Messpunkt,4,1,1,1,True,True
Koch-VVS24-05_cropped_Messpunkt,7,1,1,1,True,True
Koch-VVS24-05_cropped_Messpunkt,8,1,1,1,True,True
Koch-VVS24-05_cropped_Messpunkt,9,1,1,1,True,True
Koch-VVS24-06_cropped_Messpunkt,3,1,1,1,True,True
Koch-VVS24-09_cropped_Messpunkt,4,2,2,2,True,True
Koch-VVS24-09_cropped_Messpunkt,5,2,2,2,True,True
Koch-VVS24-09_cropped_Messpunkt,6,2,2,2,True,True
Koch-VVS24-10_cropped_Messpunkt,3,2,2,2,True,True
Koch-VVS24-10_cropped_Messpunkt,5,2,2,2,True,True
Koch-VVS24-11_cropped_Messpunkt,0,2,2,2,True,True
Koch-VVS24-11_cropped_Messpunkt,2,2,2,2,True,True
Koch-VVS24-11_cropped_Messpunkt,3,2,2,2,True,True
Koch-VVS24-12_cropped_Messpunkt,3,2,2,2,True,True
Koch-VVS24-12_cropped_Messpunkt,6,2,2,2,True,True
Koch-VVS24-13_cropped_Messpunkt,0,2,2,2,True,True
Koch-VVS24-15_cropped_Messpunkt,1,1,1,1,True,True
Koch-VVS24-15_cropped_Messpunkt,2,1,1,1,True,True
Koch-VVS24-15_cropped_Messpunkt,8,1,1,1,True,True
Koch-VVS24-15_cropped_Messpunkt,9,1,1,1,True,True
Koch-VVS24-16_cropped_Messpunkt,4,1,1,1,True,True
Koch-VVS24-16_cropped_Messpunkt,6,1,1,1,True,True
Koch-VVS24-16_cropped_Messpunkt,7,1,1,1,True,True
Koch-VVS24-17_cropped_Messpunkt,0,1,1,1,True,True
Koch-VVS24-17_cropped_Messpunkt,4,1,1,1,True,True
Koch-VVS24-18_cropped_Messpunkt,7,1,1,1,True,True
Koch-VVS24-19_cropped_Messpunkt,7,1,1,1,True,True
Koch-VVS24-20_cropped_Messpunkt,5,1,1,1,True,True
Koch-VVS4-01_cropped_Messpunkt,2,1,1,1,True,True
Koch-VVS4-01_cropped_Messpunkt,5,1,1,1,True,True
Koch-VVS4-02_cropped_Messpunkt,2,1,1,1,True,True
Koch-VVS4-02_cropped_Messpunkt,7,1,1,1,True,True
Koch-VVS4-02_cropped_Messpunkt,8,1,1,1,True,True
Koch-VVS4-02_cropped_Messpunkt,9,1,1,1,True,True
Koch-VVS4-04_cropped_Messpunkt,2,0,0,0,True,True
Koch-VVS4-06_cropped_Messpunkt,4,0,0,0,True,True
Koch-VVS4-07_cropped_Messpunkt,0,1,1,1,True,True
Koch-VVS4-07_cropped_Messpunkt,2,1,1,1,True,True
Koch-VVS4-08_cropped_Messpunkt,1,0,0,0,True,True
Koch-VVS4-08_cropped_Messpunkt,5,0,0,0,True,True
Koch-VVS4-08_cropped_Messpunkt,7,0,0,0,True,True
Koch-VVS4-08_cropped_Messpunkt,8,0,0,0,True,True
Koch-VVS4-09_cropped_Messpunkt,4,0,0,0,True,True
Koch-VVS4-09_cropped_Messpunkt,7,0,0,0,True,True
Koch-VVS4-09_cropped_Messpunkt,9,0,0,0,True,True
Koch-VVS4-11_cropped_Messpunkt,2,0,0,0,True,True
Koch-VVS4-11_cropped_Messpunkt,4,0,0,0,True,True
Koch-VVS4-11_cropped_Messpunkt,5,0,0,0,True,True
Koch-VVS4-12_cropped_Messpunkt,2,0,0,0,True,True
Koch-VVS4-12_cropped_Messpunkt,8,0,0,0,True,True
Koch-VVS4-13_cropped_Messpunkt,1,0,0,0,True,True
Koch-VVS4-13_cropped_Messpunkt,5,0,0,0,True,True
Koch-VVS4-14_cropped_Messpunkt,3,0,0,0,True,True
Koch-VVS4-15_cropped_Messpunkt,4,0,0,0,True,True
Koch-VVS4-15_cropped_Messpunkt,5,0,0,0,True,True
Koch-VVS4-16_cropped_Messpunkt,8,0,0,0,True,True
Koch-VVS4-17_cropped_Messpunkt,2,0,0,0,True,True
Koch-VVS4-17_cropped_Messpunkt,3,0,0,0,True,True
Koch-VVS4-17_cropped_Messpunkt,5,0,0,0,True,True
Koch-VVS4-17_cropped_Messpunkt,7,0,0,0,True,True
Koch-VVS4-19_cropped_Messpunkt,8,0,0,0,True,True
Koch-VVS7-01_cropped_Messpunkt,5,0,0,0,True,True
Koch-VVS7-02_cropped_Messpunkt,0,1,1,1,True,True
Koch-VVS7-02_cropped_Messpunkt,1,1,1,1,True,True
Koch-VVS7-03_cropped_Messpunkt,6,1,1,1,True,True
Koch-VVS7-04_cropped_Messpunkt,2,1,1,1,True,True
Koch-VVS7-06_cropped_Messpunkt,4,0,0,0,True,True
Koch-VVS7-06_cropped_Messpunkt,7,0,0,0,True,True
Koch-VVS7-08_cropped_Messpunkt,0,1,1,1,True,True
Koch-VVS7-08_cropped_Messpunkt,3,1,1,1,True,True
Koch-VVS7-08_cropped_Messpunkt,4,1,1,1,True,True
Koch-VVS7-12_cropped_Messpunkt,8,1,1,1,True,True
Koch-VVS7-13_cropped_Messpunkt,2,0,0,0,True,True
Koch-VVS7-15_cropped_Messpunkt,2,0,0,0,True,True
Koch-VVS7-16_cropped_Messpunkt,5,1,1,1,True,True
Koch-VVS7-16_cropped_Messpunkt,6,1,1,1,True,True
Koch-VVS7-17_cropped_Messpunkt,8,0,0,0,True,True
